"Refs","Value","Footprint","Qty","DNP"
"C1","100nF","Capacitor_SMD:C_0805_2012Metric","1",""
"C2","22pF","Capacitor_SMD:C_0805_2012Metric","1",""
"C3","100nF","Capacitor_SMD:C_0805_2012Metric","1",""
"C4","100nF","Capacitor_SMD:C_0805_2012Metric","1",""
"C5","100nF","Capacitor_SMD:C_0805_2012Metric","1",""
"C6","22pF","Capacitor_SMD:C_0805_2012Metric","1",""
"C7","100nF","Capacitor_SMD:C_0805_2012Metric","1",""
"C8","100nF","Capacitor_SMD:C_0805_2012Metric","1",""
"C9","100nF","Capacitor_SMD:C_0805_2012Metric","1",""
"C10","100nF","Capacitor_SMD:C_0805_2012Metric","1",""
"C11","100nF","Capacitor_SMD:C_0805_2012Metric","1",""
"C12","100nF","Capacitor_SMD:C_0805_2012Metric","1",""
"C13","100nF","Capacitor_SMD:C_0805_2012Metric","1",""
"C14","100nF","Capacitor_SMD:C_0805_2012Metric","1",""
"C15","100nF","Capacitor_SMD:C_0805_2012Metric","1",""
"C16","100nF","Capacitor_SMD:C_0805_2012Metric","1",""
"C17","4.7uF","Capacitor_SMD:CP_Elec_4x5.3","1",""
"C18","100nF","Capacitor_SMD:C_0805_2012Metric","1",""
"C19","100uF","Capacitor_THT:CP_Radial_D8.0mm_P3.50mm","1",""
"C20","100nF","Capacitor_SMD:C_0805_2012Metric","1",""
"D1","POWER_LED","LED_SMD:LED_0805_2012Metric","1",""
"D2","DIAGNOSTIC","LED_SMD:LED_0805_2012Metric","1",""
"D3","SS14","Diode_SMD:D_SMA","1",""
"J1","ISP","Connector_PinHeader_2.54mm:PinHeader_2x03_P2.54mm_Vertical","1",""
"J2","USB_B","Connector_USB:USB_B_OST_USB-B1HSxx_Horizontal","1",""
"J3","J_IN3","Connector_PinHeader_2.54mm:PinHeader_1x03_P2.54mm_Vertical","1",""
"J4","J_IN4","Connector_PinHeader_2.54mm:PinHeader_1x03_P2.54mm_Vertical","1",""
"J5","J_IN1","Connector_PinHeader_2.54mm:PinHeader_1x03_P2.54mm_Vertical","1",""
"J6","J_IN2","Connector_PinHeader_2.54mm:PinHeader_1x03_P2.54mm_Vertical","1",""
"J7","Output_Phases","TerminalBlock_Phoenix:TerminalBlock_Phoenix_MPT-0,5-4-2.54_1x04_P2.54mm_Horizontal","1",""
"J8","Power_Input","TerminalBlock_Phoenix:TerminalBlock_Phoenix_PT-1,5-2-3.5-H_1x02_P3.50mm_Horizontal","1",""
"R1","10kΩ","Resistor_SMD:R_0805_2012Metric","1",""
"R2","1kΩ","Resistor_SMD:R_0805_2012Metric","1",""
"R3","1kΩ","Resistor_SMD:R_0805_2012Metric","1",""
"R6","R_FILTER 1.5kΩ","Resistor_SMD:R_0805_2012Metric","1",""
"R7","R_FILTER 1.5kΩ","Resistor_SMD:R_0805_2012Metric","1",""
"R8","R_FILTER 1.5kΩ","Resistor_SMD:R_0805_2012Metric","1",""
"R9","R_FILTER 1.5kΩ","Resistor_SMD:R_0805_2012Metric","1",""
"R10","1kΩ","Resistor_SMD:R_0805_2012Metric","1",""
"R11","1kΩ","Resistor_SMD:R_0805_2012Metric","1",""
"R12","1kΩ","Resistor_SMD:R_0805_2012Metric","1",""
"R13","0.11Ω","Resistor_SMD:R_1210_3225Metric","1",""
"R14","0.11Ω","Resistor_SMD:R_1210_3225Metric","1",""
"SW1","Reset_Button","Button_Switch_SMD:SW_SPST_TS-1088-xR020","1",""
"U1","ATmega328P-A","Package_QFP:TQFP-32_7x7mm_P0.8mm","1",""
"U2","CH340K","Package_SO:SSOP-10-1EP_3.9x4.9mm_P1mm_EP2.1x3.3mm","1",""
"U3","TMC2209-LA","Package_DFN_QFN:VQFN-28-1EP_5x5mm_P0.5mm_EP3.7x3.7mm_ThermalVias","1",""
"U4","NCP1117-5.0_SOT223","Package_TO_SOT_SMD:SOT-223-3_TabPin2","1",""
"Y1","16MHz","Crystal:Crystal_SMD_5032-2Pin_5.0x3.2mm","1",""
